Field,Percent_Fertilizer_Rate,Recommended_P
16A,97.36783512855581,47.71023921299235
6-12,56.87233638841406,27.86744483032289
SW16,75.69193386128012,29.51985420589925
Y10,33.86951953191358,8.467379882978396
Y8,0.0,0.0
