Field,Percent_Fertilizer_Rate,Recommended_P
16A,42.45237611605034,20.801664296864665
6-12,24.796338665348532,12.15020594602078
SW16,33.00168316351814,12.870656433772073
Y10,14.767110515914322,3.6917776289785804
Y8,0.0,0.0
