{"model_name": "Full_model", "num_input_params": 60, "r2": 0.8865036735240885, "mse": 195.82341644875433, "features_importances": {"TOC_0_2": 0.005827177980144972, "IC_0_2": 0.008363083576724684, "TN_0_2": 0.0059911211232614005, "DI_Al_0_2": 0.004419378284654296, "DI_Ca_0_2": 0.0053555546964036155, "DI_Fe_0_2": 0.004322760720884275, "DI_K_0_2": 0.004609431328310892, "DI_Mg_0_2": 0.004091534667906089, "DI_P_0_2": 0.003700073059937004, "H3A_Al_0_2": 0.00613389735014408, "H3A_Ca_0_2": 0.004518177287128801, "H3A_Fe_0_2": 0.018812413903013678, "H3A_K_0_2": 0.004751324539084814, "H3A_Mg_0_2": 0.006543992087198581, "H3A_P_0_2": 0.005613744440193842, "M3_Al_0_2": 0.01446582283530297, "M3_Ca_0_2": 0.02171987269424942, "M3_Fe_0_2": 0.015974837030354957, "M3_K_0_2": 0.005875363832229931, "M3_Mg_0_2": 0.005316611951095211, "M3_P_0_2": 0.004574998091265745, "Ols_Al_0_2": 0.004078676256882419, "Ols_Ca_0_2": 0.008047999339344275, "Ols_Fe_0_2": 0.006426089242726688, "Ols_K_0_2": 0.005607038551056484, "Ols_Mg_0_2": 0.007480407583010646, "Ols_P_0_2": 0.005127075891472937, "TOC_2_6": 0.0048521483005230055, "IC_2_6": 0.012673655953494753, "TN_2_6": 0.005801994661738344, "DI_Al_2_6": 0.004188265721016735, "DI_Ca_2_6": 0.004794009189935365, "DI_Fe_2_6": 0.004078055118699177, "DI_K_2_6": 0.004518108794369236, "DI_Mg_2_6": 0.009816071638431801, "DI_P_2_6": 0.004664103727906398, "H3A_Al_2_6": 0.005828457650465524, "H3A_Ca_2_6": 0.006080866057725743, "H3A_Fe_2_6": 0.0191364500727352, "H3A_K_2_6": 0.004565548330455735, "H3A_Mg_2_6": 0.00472003997435933, "H3A_P_2_6": 0.004809419673900658, "M3_Al_2_6": 0.012635768941671717, "M3_Ca_2_6": 0.013823246357674434, "M3_Fe_2_6": 0.025919379408278077, "M3_K_2_6": 0.004167557581685953, "M3_Mg_2_6": 0.007715018916547539, "M3_P_2_6": 0.005780339474159039, "Ols_Al_2_6": 0.004562750051390791, "Ols_Ca_2_6": 0.014765408977065634, "Ols_Fe_2_6": 0.0048865838059111615, "Ols_K_2_6": 0.005342368756642478, "Ols_Mg_2_6": 0.011219124170539453, "Ols_P_2_6": 0.012135804467025675, "Rainfall": 0.5628174915577344, "PhosphorusTreatment": 0.008468811593711921, "Zone_1": 0.0029882217950616017, "Zone_2": 0.00010589219288174627, "Zone_3": 0.00035259965322340006, "Zone_4": 0.004037979089055371}}